res_state,case_month,n
AL,2020-01,0
AL,2020-02,0
AL,2020-03,412
AL,2020-04,1327
AL,2020-05,1878
AL,2020-06,2805
AL,2020-07,6671
AL,2020-08,5680
AL,2020-09,4040
AL,2020-10,5101
AL,2020-11,6426
AL,2020-12,10937
AL,2021-01,10096
AL,2021-02,3984
AL,2021-03,1658
AL,2021-04,956
AL,2021-05,1078
AL,2021-06,511
AL,2021-07,2271
AL,2021-08,4469
AL,2021-09,4641
AL,2021-10,2196
AL,2021-11,1213
AL,2021-12,1985
AL,2022-01,9019
AL,2022-02,4624
AL,2022-03,727
AL,2022-04,112
AR,2020-01,0
AR,2020-02,0
AR,2020-03,230
AR,2020-04,368
AR,2020-05,510
AR,2020-06,1212
AR,2020-07,2456
AR,2020-08,2548
AR,2020-09,3125
AR,2020-10,5290
AR,2020-11,8501
AR,2020-12,11160
AR,2021-01,9131
AR,2021-02,2524
AR,2021-03,657
AR,2021-04,429
AR,2021-05,441
AR,2021-06,976
AR,2021-07,4506
AR,2021-08,6780
AR,2021-09,4086
AR,2021-10,1928
AR,2021-11,2211
AR,2021-12,4889
AR,2022-01,19846
AR,2022-02,5166
AR,2022-03,877
AR,2022-04,185
AZ,2020-01,0
AZ,2020-02,0
AZ,2020-03,568
AZ,2020-04,1691
AZ,2020-05,2377
AZ,2020-06,7587
AZ,2020-07,9472
AZ,2020-08,2386
AZ,2020-09,1686
AZ,2020-10,4070
AZ,2020-11,13726
AZ,2020-12,30807
AZ,2021-01,28947
AZ,2021-02,6870
AZ,2021-03,2398
AZ,2021-04,1599
AZ,2021-05,1270
AZ,2021-06,1322
AZ,2021-07,3151
AZ,2021-08,7383
AZ,2021-09,7579
AZ,2021-10,9095
AZ,2021-11,13549
AZ,2021-12,15034
AZ,2022-01,49579
AZ,2022-02,13283
AZ,2022-03,3678
AZ,2022-04,1346
CA,2020-01,0
CA,2020-02,46
CA,2020-03,3725
CA,2020-04,9900
CA,2020-05,9939
CA,2020-06,15861
CA,2020-07,25251
CA,2020-08,15419
CA,2020-09,9783
CA,2020-10,12028
CA,2020-11,40892
CA,2020-12,129295
CA,2021-01,97412
CA,2021-02,20191
CA,2021-03,6472
CA,2021-04,4008
CA,2021-05,2679
CA,2021-06,2459
CA,2021-07,13357
CA,2021-08,32935
CA,2021-09,22098
CA,2021-10,18203
CA,2021-11,14529
CA,2021-12,48156
CA,2022-01,200313
CA,2022-02,39214
CA,2022-03,11005
CA,2022-04,5953
CO,2020-01,0
CO,2020-02,0
CO,2020-03,1482
CO,2020-04,2501
CO,2020-05,1245
CO,2020-06,597
CO,2020-07,1080
CO,2020-08,729
CO,2020-09,991
CO,2020-10,4425
CO,2020-11,14340
CO,2020-12,12288
CO,2021-01,6021
CO,2021-02,2451
CO,2021-03,1683
CO,2021-04,2292
CO,2021-05,2017
CO,2021-06,1230
CO,2021-07,1770
CO,2021-08,4130
CO,2021-09,5745
CO,2021-10,8860
CO,2021-11,8533
CO,2021-12,8276
CO,2022-01,27701
CO,2022-02,6640
CO,2022-03,2872
CO,2022-04,1848
CT,2020-01,0
CT,2020-02,0
CT,2020-03,1037
CT,2020-04,4731
CT,2020-05,1908
CT,2020-06,6406
CT,2020-07,535
CT,2020-08,272
CT,2020-09,374
CT,2020-10,1747
CT,2020-11,5241
CT,2020-12,8773
CT,2021-01,5791
CT,2021-02,567
CT,2021-03,780
CT,2021-04,88
CT,2021-05,8507
CT,2021-06,662
CT,2021-07,874
CT,2021-08,1619
CT,2021-09,2197
CT,2021-10,24
CT,2021-11,1044
CT,2021-12,45
CT,2022-01,150
CT,2022-02,2330
CT,2022-03,3987
CT,2022-04,0
DC,2020-01,0
DC,2020-02,0
DC,2020-03,204
DC,2020-04,687
DC,2020-05,450
DC,2020-06,81
DC,2020-07,696
DC,2020-08,73
DC,2020-09,70
DC,2020-10,106
DC,2020-11,224
DC,2020-12,435
DC,2021-01,1670
DC,2021-02,390
DC,2021-03,236
DC,2021-04,300
DC,2021-05,69
DC,2021-06,37
DC,2021-07,31
DC,2021-08,221
DC,2021-09,242
DC,2021-10,145
DC,2021-11,123
DC,2021-12,374
DC,2022-01,3393
DC,2022-02,296
DC,2022-03,79
DC,2022-04,91
DE,2020-01,0
DE,2020-02,0
DE,2020-03,64
DE,2020-04,686
DE,2020-05,912
DE,2020-06,260
DE,2020-07,296
DE,2020-08,243
DE,2020-09,333
DE,2020-10,682
DE,2020-11,1216
DE,2020-12,2933
DE,2021-01,2736
DE,2021-02,1021
DE,2021-03,928
DE,2021-04,563
DE,2021-05,266
DE,2021-06,82
DE,2021-07,161
DE,2021-08,920
DE,2021-09,1162
DE,2021-10,1022
DE,2021-11,932
DE,2021-12,2384
DE,2022-01,6113
DE,2022-02,992
DE,2022-03,554
DE,2022-04,372
FL,2020-01,0
FL,2020-02,0
FL,2020-03,3440
FL,2020-04,5032
FL,2020-05,4581
FL,2020-06,9104
FL,2020-07,21371
FL,2020-08,22406
FL,2020-09,16611
FL,2020-10,18830
FL,2020-11,14712
FL,2020-12,23496
FL,2021-01,45046
FL,2021-02,30458
FL,2021-03,50696
FL,2021-04,9840
FL,2021-05,5289
FL,2021-06,5250
FL,2021-07,18476
FL,2021-08,37370
FL,2021-09,36002
FL,2021-10,23678
FL,2021-11,7174
FL,2021-12,15767
FL,2022-01,70869
FL,2022-02,50538
FL,2022-03,24902
FL,2022-04,5706
GA,2020-01,192
GA,2020-02,0
GA,2020-03,1121
GA,2020-04,3119
GA,2020-05,2367
GA,2020-06,2368
GA,2020-07,6574
GA,2020-08,7074
GA,2020-09,4288
GA,2020-10,5134
GA,2020-11,8390
GA,2020-12,20760
GA,2021-01,26852
GA,2021-02,9056
GA,2021-03,3215
GA,2021-04,2310
GA,2021-05,2500
GA,2021-06,423
GA,2021-07,2774
GA,2021-08,13994
GA,2021-09,13119
GA,2021-10,5006
GA,2021-11,2289
GA,2021-12,11003
GA,2022-01,45521
GA,2022-02,11431
GA,2022-03,2842
GA,2022-04,799
IA,2020-01,0
IA,2020-02,0
IA,2020-03,320
IA,2020-04,1947
IA,2020-05,4010
IA,2020-06,5090
IA,2020-07,4394
IA,2020-08,4179
IA,2020-09,5242
IA,2020-10,6991
IA,2020-11,10753
IA,2020-12,4929
IA,2021-01,2997
IA,2021-02,1197
IA,2021-03,814
IA,2021-04,514
IA,2021-05,229
IA,2021-06,110
IA,2021-07,678
IA,2021-08,3257
IA,2021-09,5031
IA,2021-10,4222
IA,2021-11,668
IA,2021-12,0
IA,2022-01,0
IA,2022-02,0
IA,2022-03,0
IA,2022-04,0
ID,2020-01,0
ID,2020-02,0
ID,2020-03,236
ID,2020-04,130
ID,2020-05,49
ID,2020-06,267
ID,2020-07,1830
ID,2020-08,1215
ID,2020-09,1183
ID,2020-10,3572
ID,2020-11,6107
ID,2020-12,5228
ID,2021-01,2434
ID,2021-02,883
ID,2021-03,787
ID,2021-04,538
ID,2021-05,393
ID,2021-06,242
ID,2021-07,789
ID,2021-08,3161
ID,2021-09,5498
ID,2021-10,4069
ID,2021-11,1818
ID,2021-12,1811
ID,2022-01,9215
ID,2022-02,3066
ID,2022-03,408
ID,2022-04,77
IL,2020-01,0
IL,2020-02,15
IL,2020-03,3729
IL,2020-04,11730
IL,2020-05,8240
IL,2020-06,3037
IL,2020-07,4511
IL,2020-08,6649
IL,2020-09,8193
IL,2020-10,26156
IL,2020-11,45293
IL,2020-12,29513
IL,2021-01,16580
IL,2021-02,5380
IL,2021-03,5094
IL,2021-04,5659
IL,2021-05,2557
IL,2021-06,836
IL,2021-07,4303
IL,2021-08,12559
IL,2021-09,10021
IL,2021-10,8017
IL,2021-11,14462
IL,2021-12,54315
IL,2022-01,50016
IL,2022-02,7101
IL,2022-03,3645
IL,2022-04,6436
IN,2020-01,0
IN,2020-02,0
IN,2020-03,1164
IN,2020-04,4066
IN,2020-05,2360
IN,2020-06,1679
IN,2020-07,2770
IN,2020-08,3314
IN,2020-09,3959
IN,2020-10,11900
IN,2020-11,26807
IN,2020-12,26503
IN,2021-01,14845
IN,2021-02,3266
IN,2021-03,1532
IN,2021-04,2047
IN,2021-05,1588
IN,2021-06,702
IN,2021-07,2012
IN,2021-08,9984
IN,2021-09,11895
IN,2021-10,7565
IN,2021-11,10756
IN,2021-12,19192
IN,2022-01,35193
IN,2022-02,7077
IN,2022-03,1355
IN,2022-04,518
KS,2020-01,0
KS,2020-02,0
KS,2020-03,220
KS,2020-04,483
KS,2020-05,396
KS,2020-06,465
KS,2020-07,1320
KS,2020-08,1580
KS,2020-09,2427
KS,2020-10,4957
KS,2020-11,12753
KS,2020-12,11436
KS,2021-01,6920
KS,2021-02,1828
KS,2021-03,576
KS,2021-04,416
KS,2021-05,295
KS,2021-06,326
KS,2021-07,1861
KS,2021-08,3998
KS,2021-09,3840
KS,2021-10,3347
KS,2021-11,4176
KS,2021-12,7036
KS,2022-01,19021
KS,2022-02,4096
KS,2022-03,682
KS,2022-04,305
KY,2020-01,0
KY,2020-02,0
KY,2020-03,280
KY,2020-04,901
KY,2020-05,719
KY,2020-06,819
KY,2020-07,1711
KY,2020-08,2121
KY,2020-09,2456
KY,2020-10,5639
KY,2020-11,10661
KY,2020-12,10698
KY,2021-01,9903
KY,2021-02,3279
KY,2021-03,1541
KY,2021-04,1124
KY,2021-05,652
KY,2021-06,437
KY,2021-07,2576
KY,2021-08,9143
KY,2021-09,9074
KY,2021-10,3792
KY,2021-11,3712
KY,2021-12,6441
KY,2022-01,19565
KY,2022-02,10287
KY,2022-03,2279
KY,2022-04,90
LA,2020-01,0
LA,2020-02,0
LA,2020-03,2991
LA,2020-04,4259
LA,2020-05,2019
LA,2020-06,3019
LA,2020-07,8419
LA,2020-08,4640
LA,2020-09,2632
LA,2020-10,3455
LA,2020-11,8368
LA,2020-12,13594
LA,2021-01,12212
LA,2021-02,2810
LA,2021-03,1130
LA,2021-04,721
LA,2021-05,750
LA,2021-06,744
LA,2021-07,6682
LA,2021-08,13222
LA,2021-09,5276
LA,2021-10,1807
LA,2021-11,1246
LA,2021-12,9028
LA,2022-01,28863
LA,2022-02,5740
LA,2022-03,620
LA,2022-04,177
MA,2020-01,0
MA,2020-02,0
MA,2020-03,2944
MA,2020-04,18155
MA,2020-05,7552
MA,2020-06,1473
MA,2020-07,954
MA,2020-08,961
MA,2020-09,1154
MA,2020-10,3003
MA,2020-11,9020
MA,2020-12,19674
MA,2021-01,17678
MA,2021-02,6092
MA,2021-03,4081
MA,2021-04,2518
MA,2021-05,960
MA,2021-06,276
MA,2021-07,996
MA,2021-08,3867
MA,2021-09,4876
MA,2021-10,4455
MA,2021-11,6814
MA,2021-12,17021
MA,2022-01,36386
MA,2022-02,5597
MA,2022-03,2925
MA,2022-04,3383
MD,2020-01,0
MD,2020-02,0
MD,2020-03,610
MD,2020-04,4421
MD,2020-05,4583
MD,2020-06,1931
MD,2020-07,2711
MD,2020-08,1605
MD,2020-09,1680
MD,2020-10,2647
MD,2020-11,7278
MD,2020-12,10090
MD,2021-01,9476
MD,2021-02,5155
MD,2021-03,4301
MD,2021-04,2914
MD,2021-05,1510
MD,2021-06,617
MD,2021-07,867
MD,2021-08,3026
MD,2021-09,4783
MD,2021-10,3581
MD,2021-11,3858
MD,2021-12,5345
MD,2022-01,3675
MD,2022-02,1064
MD,2022-03,690
MD,2022-04,792
ME,2020-01,0
ME,2020-02,0
ME,2020-03,138
ME,2020-04,160
ME,2020-05,188
ME,2020-06,70
ME,2020-07,61
ME,2020-08,67
ME,2020-09,81
ME,2020-10,191
ME,2020-11,1303
ME,2020-12,2202
ME,2021-01,2150
ME,2021-02,568
ME,2021-03,515
ME,2021-04,628
ME,2021-05,349
ME,2021-06,39
ME,2021-07,163
ME,2021-08,791
ME,2021-09,1721
ME,2021-10,1861
ME,2021-11,2087
ME,2021-12,2891
ME,2022-01,4289
ME,2022-02,2805
ME,2022-03,987
ME,2022-04,478
MI,2020-01,0
MI,2020-02,0
MI,2020-03,3339
MI,2020-04,5107
MI,2020-05,1637
MI,2020-06,710
MI,2020-07,1530
MI,2020-08,1517
MI,2020-09,2258
MI,2020-10,7250
MI,2020-11,19347
MI,2020-12,16944
MI,2021-01,11129
MI,2021-02,3873
MI,2021-03,6430
MI,2021-04,8986
MI,2021-05,5054
MI,2021-06,3567
MI,2021-07,2494
MI,2021-08,4707
MI,2021-09,5903
MI,2021-10,9700
MI,2021-11,12220
MI,2021-12,13884
MI,2022-01,18058
MI,2022-02,26860
MI,2022-03,11194
MI,2022-04,4535
MN,2020-01,0
MN,2020-02,0
MN,2020-03,203
MN,2020-04,1531
MN,2020-05,2505
MN,2020-06,805
MN,2020-07,1457
MN,2020-08,2025
MN,2020-09,3187
MN,2020-10,8631
MN,2020-11,25086
MN,2020-12,12008
MN,2021-01,4848
MN,2021-02,2157
MN,2021-03,2562
MN,2021-04,3065
MN,2021-05,1453
MN,2021-06,306
MN,2021-07,1012
MN,2021-08,4604
MN,2021-09,7611
MN,2021-10,9863
MN,2021-11,12226
MN,2021-12,10490
MN,2022-01,24406
MN,2022-02,6641
MN,2022-03,2080
MN,2022-04,1609
MO,2020-01,0
MO,2020-02,0
MO,2020-03,612
MO,2020-04,1759
MO,2020-05,1295
MO,2020-06,1355
MO,2020-07,3870
MO,2020-08,5520
MO,2020-09,8266
MO,2020-10,13294
MO,2020-11,24567
MO,2020-12,20525
MO,2021-01,12275
MO,2021-02,3405
MO,2021-03,1883
MO,2021-04,1494
MO,2021-05,1208
MO,2021-06,2313
MO,2021-07,7308
MO,2021-08,9443
MO,2021-09,6606
MO,2021-10,4292
MO,2021-11,5849
MO,2021-12,13639
MO,2022-01,35842
MO,2022-02,8121
MO,2022-03,1595
MO,2022-04,737
MS,2020-01,0
MS,2020-02,0
MS,2020-03,384
MS,2020-04,1344
MS,2020-05,1480
MS,2020-06,1767
MS,2020-07,2910
MS,2020-08,716
MS,2020-09,334
MS,2020-10,37
MS,2020-11,66
MS,2020-12,76
MS,2021-01,53
MS,2021-02,15
MS,2021-03,15
MS,2021-04,12
MS,2021-05,0
MS,2021-06,0
MS,2021-07,11
MS,2021-08,53
MS,2021-09,30
MS,2021-10,15
MS,2021-11,14
MS,2021-12,54
MS,2022-01,217
MS,2022-02,28
MS,2022-03,0
MS,2022-04,0
MT,2020-01,0
MT,2020-02,0
MT,2020-03,38
MT,2020-04,16
MT,2020-05,0
MT,2020-06,42
MT,2020-07,408
MT,2020-08,424
MT,2020-09,1008
MT,2020-10,3298
MT,2020-11,5011
MT,2020-12,3303
MT,2021-01,1824
MT,2021-02,710
MT,2021-03,368
MT,2021-04,324
MT,2021-05,331
MT,2021-06,264
MT,2021-07,575
MT,2021-08,2046
MT,2021-09,3790
MT,2021-10,4342
MT,2021-11,2094
MT,2021-12,1033
MT,2022-01,3739
MT,2022-02,843
MT,2022-03,86
MT,2022-04,0
NC,2020-01,0
NC,2020-02,0
NC,2020-03,406
NC,2020-04,1985
NC,2020-05,2287
NC,2020-06,3584
NC,2020-07,7447
NC,2020-08,10914
NC,2020-09,11793
NC,2020-10,18661
NC,2020-11,15567
NC,2020-12,32199
NC,2021-01,29689
NC,2021-02,8923
NC,2021-03,3481
NC,2021-04,2992
NC,2021-05,1736
NC,2021-06,754
NC,2021-07,4139
NC,2021-08,17190
NC,2021-09,15802
NC,2021-10,7682
NC,2021-11,6200
NC,2021-12,18461
NC,2022-01,64229
NC,2022-02,17591
NC,2022-03,2840
NC,2022-04,1780
ND,2020-01,0
ND,2020-02,0
ND,2020-03,0
ND,2020-04,86
ND,2020-05,190
ND,2020-06,87
ND,2020-07,330
ND,2020-08,571
ND,2020-09,1556
ND,2020-10,3873
ND,2020-11,5014
ND,2020-12,1376
ND,2021-01,584
ND,2021-02,274
ND,2021-03,203
ND,2021-04,259
ND,2021-05,160
ND,2021-06,40
ND,2021-07,89
ND,2021-08,773
ND,2021-09,1676
ND,2021-10,2006
ND,2021-11,1500
ND,2021-12,1120
ND,2022-01,4022
ND,2022-02,1522
ND,2022-03,298
ND,2022-04,121
NE,2020-01,0
NE,2020-02,0
NE,2020-03,57
NE,2020-04,482
NE,2020-05,492
NE,2020-06,352
NE,2020-07,534
NE,2020-08,708
NE,2020-09,1271
NE,2020-10,3597
NE,2020-11,5572
NE,2020-12,3538
NE,2021-01,2220
NE,2021-02,1677
NE,2021-03,3770
NE,2021-04,2141
NE,2021-05,290
NE,2021-06,353
NE,2021-07,495
NE,2021-08,1130
NE,2021-09,1186
NE,2021-10,1023
NE,2021-11,1192
NE,2021-12,1106
NE,2022-01,1570
NE,2022-02,754
NE,2022-03,954
NE,2022-04,334
NH,2020-01,0
NH,2020-02,0
NH,2020-03,110
NH,2020-04,445
NH,2020-05,643
NH,2020-06,308
NH,2020-07,90
NH,2020-08,44
NH,2020-09,115
NH,2020-10,266
NH,2020-11,962
NH,2020-12,2961
NH,2021-01,2468
NH,2021-02,722
NH,2021-03,632
NH,2021-04,471
NH,2021-05,179
NH,2021-06,52
NH,2021-07,96
NH,2021-08,320
NH,2021-09,607
NH,2021-10,24
NH,2021-11,12
NH,2021-12,13
NH,2022-01,0
NH,2022-02,0
NH,2022-03,0
NH,2022-04,0
NJ,2020-01,195
NJ,2020-02,0
NJ,2020-03,8153
NJ,2020-04,18575
NJ,2020-05,6471
NJ,2020-06,9830
NJ,2020-07,1311
NJ,2020-08,1129
NJ,2020-09,1479
NJ,2020-10,4122
NJ,2020-11,15122
NJ,2020-12,22313
NJ,2021-01,21665
NJ,2021-02,10073
NJ,2021-03,10856
NJ,2021-04,6916
NJ,2021-05,1792
NJ,2021-06,684
NJ,2021-07,1978
NJ,2021-08,6327
NJ,2021-09,6423
NJ,2021-10,5311
NJ,2021-11,6522
NJ,2021-12,33338
NJ,2022-01,49931
NJ,2022-02,5601
NJ,2022-03,4001
NJ,2022-04,4951
NM,2020-01,0
NM,2020-02,0
NM,2020-03,71
NM,2020-04,552
NM,2020-05,576
NM,2020-06,428
NM,2020-07,745
NM,2020-08,370
NM,2020-09,454
NM,2020-10,2475
NM,2020-11,6567
NM,2020-12,5443
NM,2021-01,3553
NM,2021-02,1129
NM,2021-03,519
NM,2021-04,472
NM,2021-05,332
NM,2021-06,211
NM,2021-07,546
NM,2021-08,2112
NM,2021-09,2088
NM,2021-10,2654
NM,2021-11,3661
NM,2021-12,3910
NM,2022-01,9869
NM,2022-02,3714
NM,2022-03,1027
NM,2022-04,397
NV,2020-01,17
NV,2020-02,0
NV,2020-03,514
NV,2020-04,913
NV,2020-05,578
NV,2020-06,1102
NV,2020-07,2809
NV,2020-08,1670
NV,2020-09,978
NV,2020-10,1857
NV,2020-11,6028
NV,2020-12,8771
NV,2021-01,6149
NV,2021-02,1696
NV,2021-03,796
NV,2021-04,655
NV,2021-05,518
NV,2021-06,752
NV,2021-07,2509
NV,2021-08,3117
NV,2021-09,3117
NV,2021-10,2357
NV,2021-11,2238
NV,2021-12,4067
NV,2022-01,13912
NV,2022-02,2456
NV,2022-03,752
NV,2022-04,482
NY,2020-01,25
NY,2020-02,388
NY,2020-03,25340
NY,2020-04,52055
NY,2020-05,26658
NY,2020-06,13155
NY,2020-07,8501
NY,2020-08,5430
NY,2020-09,6032
NY,2020-10,9155
NY,2020-11,20006
NY,2020-12,40780
NY,2021-01,46021
NY,2021-02,25759
NY,2021-03,20292
NY,2021-04,11512
NY,2021-05,3710
NY,2021-06,1317
NY,2021-07,3361
NY,2021-08,11806
NY,2021-09,13822
NY,2021-10,13949
NY,2021-11,17610
NY,2021-12,67834
NY,2022-01,107064
NY,2022-02,12098
NY,2022-03,7092
NY,2022-04,7350
OH,2020-01,0
OH,2020-02,0
OH,2020-03,1189
OH,2020-04,3898
OH,2020-05,2770
OH,2020-06,2669
OH,2020-07,4658
OH,2020-08,4118
OH,2020-09,4195
OH,2020-10,12199
OH,2020-11,41036
OH,2020-12,45206
OH,2021-01,34747
OH,2021-02,8869
OH,2021-03,5052
OH,2021-04,4179
OH,2021-05,2297
OH,2021-06,657
OH,2021-07,2057
OH,2021-08,11557
OH,2021-09,21564
OH,2021-10,17027
OH,2021-11,20165
OH,2021-12,40273
OH,2022-01,59658
OH,2022-02,10964
OH,2022-03,2938
OH,2022-04,1550
OK,2020-01,0
OK,2020-02,0
OK,2020-03,63
OK,2020-04,1031
OK,2020-05,373
OK,2020-06,747
OK,2020-07,3010
OK,2020-08,3164
OK,2020-09,4021
OK,2020-10,6620
OK,2020-11,12859
OK,2020-12,16469
OK,2021-01,14081
OK,2021-02,3932
OK,2021-03,1125
OK,2021-04,611
OK,2021-05,375
OK,2021-06,469
OK,2021-07,2987
OK,2021-08,7769
OK,2021-09,6217
OK,2021-10,3600
OK,2021-11,2719
OK,2021-12,514
OK,2022-01,239
OK,2022-02,76
OK,2022-03,0
OK,2022-04,0
OR,2020-01,0
OR,2020-02,0
OR,2020-03,286
OR,2020-04,273
OR,2020-05,123
OR,2020-06,529
OR,2020-07,917
OR,2020-08,773
OR,2020-09,794
OR,2020-10,1331
OR,2020-11,4657
OR,2020-12,4957
OR,2021-01,2978
OR,2021-02,1252
OR,2021-03,1075
OR,2021-04,1551
OR,2021-05,1196
OR,2021-06,676
OR,2021-07,1831
OR,2021-08,7140
OR,2021-09,6274
OR,2021-10,4677
OR,2021-11,3088
OR,2021-12,4355
OR,2022-01,18540
OR,2022-02,6647
OR,2022-03,1595
OR,2022-04,1164
PA,2020-01,0
PA,2020-02,0
PA,2020-03,2412
PA,2020-04,12519
PA,2020-05,6520
PA,2020-06,3042
PA,2020-07,3571
PA,2020-08,3198
PA,2020-09,3462
PA,2020-10,9086
PA,2020-11,34475
PA,2020-12,52569
PA,2021-01,30335
PA,2021-02,10838
PA,2021-03,10004
PA,2021-04,10621
PA,2021-05,4021
PA,2021-06,863
PA,2021-07,1880
PA,2021-08,9164
PA,2021-09,16556
PA,2021-10,19468
PA,2021-11,22468
PA,2021-12,42053
PA,2022-01,64188
PA,2022-02,12427
PA,2022-03,3956
PA,2022-04,3037
RI,2020-01,0
RI,2020-02,0
RI,2020-03,0
RI,2020-04,0
RI,2020-05,0
RI,2020-06,0
RI,2020-07,0
RI,2020-08,0
RI,2020-09,0
RI,2020-10,605
RI,2020-11,2032
RI,2020-12,4327
RI,2021-01,2066
RI,2021-02,566
RI,2021-03,1503
RI,2021-04,3971
RI,2021-05,1842
RI,2021-06,1961
RI,2021-07,1361
RI,2021-08,33
RI,2021-09,54
RI,2021-10,115
RI,2021-11,357
RI,2021-12,1190
RI,2022-01,2741
RI,2022-02,292
RI,2022-03,946
RI,2022-04,74
SC,2020-01,0
SC,2020-02,0
SC,2020-03,504
SC,2020-04,902
SC,2020-05,1136
SC,2020-06,3218
SC,2020-07,8656
SC,2020-08,5164
SC,2020-09,4128
SC,2020-10,5425
SC,2020-11,7565
SC,2020-12,17149
SC,2021-01,22417
SC,2021-02,8911
SC,2021-03,3210
SC,2021-04,1962
SC,2021-05,1037
SC,2021-06,312
SC,2021-07,2467
SC,2021-08,9685
SC,2021-09,13028
SC,2021-10,4735
SC,2021-11,3144
SC,2021-12,7510
SC,2022-01,40053
SC,2022-02,12446
SC,2022-03,2354
SC,2022-04,468
SD,2020-01,0
SD,2020-02,0
SD,2020-03,34
SD,2020-04,152
SD,2020-05,150
SD,2020-06,150
SD,2020-07,146
SD,2020-08,361
SD,2020-09,900
SD,2020-10,1820
SD,2020-11,2311
SD,2020-12,1198
SD,2021-01,689
SD,2021-02,291
SD,2021-03,181
SD,2021-04,1154
SD,2021-05,156
SD,2021-06,120
SD,2021-07,82
SD,2021-08,9249
SD,2021-09,1352
SD,2021-10,915
SD,2021-11,1159
SD,2021-12,1648
SD,2022-01,1400
SD,2022-02,2720
SD,2022-03,1700
SD,2022-04,41
TN,2020-01,0
TN,2020-02,0
TN,2020-03,522
TN,2020-04,837
TN,2020-05,833
TN,2020-06,2148
TN,2020-07,6857
TN,2020-08,5976
TN,2020-09,6415
TN,2020-10,11225
TN,2020-11,20777
TN,2020-12,32050
TN,2021-01,18218
TN,2021-02,4851
TN,2021-03,3122
TN,2021-04,2347
TN,2021-05,1230
TN,2021-06,299
TN,2021-07,3268
TN,2021-08,15581
TN,2021-09,15644
TN,2021-10,5850
TN,2021-11,4472
TN,2021-12,13558
TN,2022-01,45216
TN,2022-02,14455
TN,2022-03,1442
TN,2022-04,535
TX,2020-01,81
TX,2020-02,0
TX,2020-03,1234
TX,2020-04,2163
TX,2020-05,2026
TX,2020-06,6674
TX,2020-07,11999
TX,2020-08,4977
TX,2020-09,3509
TX,2020-10,7418
TX,2020-11,14311
TX,2020-12,18231
TX,2021-01,15912
TX,2021-02,4501
TX,2021-03,1768
TX,2021-04,1134
TX,2021-05,632
TX,2021-06,463
TX,2021-07,1757
TX,2021-08,1192
TX,2021-09,937
TX,2021-10,731
TX,2021-11,6085
TX,2021-12,177077
TX,2022-01,170796
TX,2022-02,3640
TX,2022-03,8815
TX,2022-04,4093
UT,2020-01,0
UT,2020-02,0
UT,2020-03,145
UT,2020-04,322
UT,2020-05,416
UT,2020-06,867
UT,2020-07,1403
UT,2020-08,780
UT,2020-09,1586
UT,2020-10,3668
UT,2020-11,6897
UT,2020-12,7225
UT,2021-01,5262
UT,2021-02,1587
UT,2021-03,648
UT,2021-04,427
UT,2021-05,393
UT,2021-06,701
UT,2021-07,1614
UT,2021-08,2856
UT,2021-09,3827
UT,2021-10,3853
UT,2021-11,3172
UT,2021-12,3751
UT,2022-01,14819
UT,2022-02,3251
UT,2022-03,550
UT,2022-04,224
VA,2020-01,0
VA,2020-02,0
VA,2020-03,702
VA,2020-04,3228
VA,2020-05,2993
VA,2020-06,1596
VA,2020-07,3178
VA,2020-08,3255
VA,2020-09,3116
VA,2020-10,4690
VA,2020-11,8852
VA,2020-12,17646
VA,2021-01,20530
VA,2021-02,7148
VA,2021-03,3653
VA,2021-04,2615
VA,2021-05,979
VA,2021-06,272
VA,2021-07,1407
VA,2021-08,6628
VA,2021-09,9041
VA,2021-10,6476
VA,2021-11,4916
VA,2021-12,13445
VA,2022-01,36072
VA,2022-02,11148
VA,2022-03,2228
VA,2022-04,0
VT,2020-01,0
VT,2020-02,0
VT,2020-03,91
VT,2020-04,58
VT,2020-05,0
VT,2020-06,0
VT,2020-07,0
VT,2020-08,0
VT,2020-09,0
VT,2020-10,30
VT,2020-11,376
VT,2020-12,446
VT,2021-01,546
VT,2021-02,239
VT,2021-03,205
VT,2021-04,89
VT,2021-05,13
VT,2021-06,0
VT,2021-07,11
VT,2021-08,438
VT,2021-09,523
VT,2021-10,750
VT,2021-11,741
VT,2021-12,799
VT,2022-01,2392
VT,2022-02,669
VT,2022-03,402
VT,2022-04,546
WA,2020-01,0
WA,2020-02,104
WA,2020-03,2076
WA,2020-04,1530
WA,2020-05,875
WA,2020-06,1193
WA,2020-07,2148
WA,2020-08,1480
WA,2020-09,1421
WA,2020-10,2758
WA,2020-11,7283
WA,2020-12,9343
WA,2021-01,6278
WA,2021-02,2237
WA,2021-03,1667
WA,2021-04,2119
WA,2021-05,1749
WA,2021-06,1113
WA,2021-07,2583
WA,2021-08,8985
WA,2021-09,9224
WA,2021-10,7039
WA,2021-11,4420
WA,2021-12,7268
WA,2022-01,30934
WA,2022-02,8438
WA,2022-03,2216
WA,2022-04,1739
WI,2020-01,0
WI,2020-02,0
WI,2020-03,577
WI,2020-04,927
WI,2020-05,1239
WI,2020-06,666
WI,2020-07,2057
WI,2020-08,2446
WI,2020-09,4974
WI,2020-10,15377
WI,2020-11,22667
WI,2020-12,14035
WI,2021-01,8312
WI,2021-02,2841
WI,2021-03,1933
WI,2021-04,1795
WI,2021-05,1009
WI,2021-06,478
WI,2021-07,1304
WI,2021-08,5059
WI,2021-09,7661
WI,2021-10,8431
WI,2021-11,9169
WI,2021-12,10119
WI,2022-01,18876
WI,2022-02,7965
WI,2022-03,3285
WI,2022-04,2276
WV,2020-01,0
WV,2020-02,0
WV,2020-03,96
WV,2020-04,216
WV,2020-05,173
WV,2020-06,139
WV,2020-07,551
WV,2020-08,454
WV,2020-09,115
WV,2020-10,0
WV,2020-11,0
WV,2020-12,0
WV,2021-01,0
WV,2021-02,0
WV,2021-03,0
WV,2021-04,0
WV,2021-05,0
WV,2021-06,0
WV,2021-07,0
WV,2021-08,12
WV,2021-09,0
WV,2021-10,0
WV,2021-11,0
WV,2021-12,0
WV,2022-01,11
WV,2022-02,0
WV,2022-03,0
WV,2022-04,0
WY,2020-01,0
WY,2020-02,0
WY,2020-03,12
WY,2020-04,0
WY,2020-05,15
WY,2020-06,27
WY,2020-07,62
WY,2020-08,106
WY,2020-09,287
WY,2020-10,1322
WY,2020-11,2694
WY,2020-12,1597
WY,2021-01,1196
WY,2021-02,216
WY,2021-03,80
WY,2021-04,120
WY,2021-05,184
WY,2021-06,166
WY,2021-07,414
WY,2021-08,1543
WY,2021-09,1812
WY,2021-10,1818
WY,2021-11,1018
WY,2021-12,617
WY,2022-01,2647
WY,2022-02,1074
WY,2022-03,176
WY,2022-04,43
